Station_A,Station_B,Capacity,Service
Casa Branca,Monte das Flores,8,STANDARD
Monte das Flores,Evora,8,STANDARD
Evora,Portalegre,10,STANDARD
Funcheira,Santa Clara-Saboia,4,ALFA PENDULAR
Alferrarede,Mouriscas,6,STANDARD
Mouriscas,Mouriscas-A,6,STANDARD
Mouriscas-A,Alvega-Ortiga,2,STANDARD
Alvega-Ortiga,Barragem de Belver,2,STANDARD
Barragem de Belver,Belver,6,STANDARD
Belver,Barca da Amieira -Envendos,6,STANDARD
Barca da Amieira -Envendos,Fratel,6,STANDARD
Fratel,Rodao,4,STANDARD
Rodao,Tojeirinha,2,STANDARD
Tojeirinha,Sarnadas,4,STANDARD
Sarnadas,Retaxo,2,STANDARD
Retaxo,Benquerencas,2,STANDARD
Benquerencas,Alcains,10,STANDARD
Alcains,Lardosa,10,STANDARD
Lardosa,Soalheira,2,STANDARD
Soalheira,Castelo Novo,4,STANDARD
Castelo Novo,Alpedrinha,2,STANDARD
Alpedrinha,Vale de Prazeres,4,STANDARD
Vale de Prazeres,Fatela-Penamacor,2,STANDARD
Fatela-Penamacor,Alcaide,2,STANDARD
Alcaide,Donas,2,STANDARD
Donas,Fundao,4,STANDARD
Fundao,Alcaria,2,STANDARD
Alcaria,Tortosendo,6,STANDARD
Tortosendo,Covilha,4,STANDARD
Covilha,Caria,2,STANDARD
Caria,Belmonte-Manteigas,4,STANDARD
Belmonte-Manteigas,Macainhas,2,STANDARD
Macainhas,Benespera,2,STANDARD
Benespera,Barracao-Sabugal,2,STANDARD
Lisboa Santa Apolonia,Braco de Prata,10,STANDARD
Braco de Prata,Sacavem,2,STANDARD
Sacavem,Bobadela,2,STANDARD
Bobadela,Santa Iria,2,STANDARD
Santa Iria,Povoa,2,STANDARD
Povoa,Alhandra,4,STANDARD
Alhandra,Vila Franca de Xira,2,STANDARD
Vila Franca de Xira,Castanheira do Ribatejo,4,STANDARD
Castanheira do Ribatejo,Carregado,2,STANDARD
Carregado,Carregado Norte,4,STANDARD
Carregado Norte,Vila Nova da Rainha,2,STANDARD
Vila Nova da Rainha,Espadanal da Azambuja,2,STANDARD
Espadanal da Azambuja,Virtudes,2,STANDARD
Virtudes,Reguengo - Vale da Pedra - Pontevel,2,STANDARD
Reguengo - Vale da Pedra - Pontevel,Santana Cartaxo,2,STANDARD
Santana Cartaxo,Santana Cartaxo Resguardo,4,STANDARD
Santana Cartaxo Resguardo,Vale de Santarem,2,STANDARD
Vale de Santarem,Santarem,8,STANDARD
Santarem,Vale de Figueira,8,STANDARD
Vale de Figueira,Mato Miranda,6,STANDARD
Mato Miranda,Riachos - Torres Novas - Golega,6,STANDARD
Riachos - Torres Novas - Golega,Entroncamento,4,STANDARD
Entroncamento,Soudos - Vila Nova,2,STANDARD
Soudos - Vila Nova,Paialvo,2,STANDARD
Paialvo,Fungalvaz Resguardo,4,STANDARD
Fungalvaz Resguardo,Fungalvaz,2,STANDARD
Fungalvaz,Chao de Macas-Fatima,6,STANDARD
Chao de Macas-Fatima,Seica-Ourem,2,STANDARD
Seica-Ourem,Caxarias,6,STANDARD
Caxarias,Albergaria dos Doze,4,STANDARD
Albergaria dos Doze,Litem,2,STANDARD
Litem,Vermoil,4,STANDARD
Vermoil,Pombal Resguardo,6,STANDARD
Pombal Resguardo,Pelariga,2,STANDARD
Pelariga,Simoes,2,STANDARD
Simoes,Soure,6,STANDARD
Soure,Vila Nova de Ancos,2,STANDARD
Vila Nova de Ancos,Formoselha / Santo Varao,2,STANDARD
Formoselha / Santo Varao,Pereira,2,STANDARD
Pereira,Ameal-Sul,6,STANDARD
Ameal-Sul,Ameal,2,STANDARD
Ameal,Vila Pouca do Campo,2,STANDARD
Vila Pouca do Campo,Casais,2,STANDARD
Casais,Espadaneira,2,STANDARD
Espadaneira,Bencanta,2,STANDARD
Bencanta,Coimbra B,8,STANDARD
Coimbra B,Ademia,2,STANDARD
Ademia,Vilela - Fornos,2,STANDARD
Vilela - Fornos,Pampilhosa,6,STANDARD
Pampilhosa,Mealhada,2,STANDARD
Mealhada,Mealhada Norte,4,STANDARD
Mealhada Norte,Aguim,2,STANDARD
Aguim,Curia,2,STANDARD
Curia,Paraimo,2,STANDARD
Paraimo,Oliveira do Bairro,4,STANDARD
Oliveira do Bairro,Oia,6,STANDARD
Oia,Quintans,2,STANDARD
Quintans,Aveiro - Vouga,10,STANDARD
Aveiro - Vouga,Cacia,10,STANDARD
Cacia,Canelas,2,STANDARD
Canelas,Salreu,2,STANDARD
Salreu,Estarreja,4,STANDARD
Estarreja,Avanca,2,STANDARD
Avanca,Valega,6,STANDARD
Valega,Ovar,4,STANDARD
Ovar,Carvalheira - Maceda,2,STANDARD
Carvalheira - Maceda,Cortegaca,2,STANDARD
Cortegaca,Esmoriz,6,STANDARD
Esmoriz,Paramos,2,STANDARD
Paramos,Silvalde,2,STANDARD
Silvalde,Granja,4,STANDARD
Granja,Aguda,2,STANDARD
Aguda,Miramar,2,STANDARD
Miramar,Francelos Sul,4,STANDARD
Francelos Sul,Francelos,2,STANDARD
Francelos,Valadares,2,STANDARD
Valadares,Madalena,2,STANDARD
Madalena,Coimbroes,2,STANDARD
Coimbroes,General Torres,4,STANDARD
Contumil,Rio Tinto,2,STANDARD
Rio Tinto,Aguas Santas,2,STANDARD
Aguas Santas,Palmilheira,2,STANDARD
Palmilheira,Travagem,2,STANDARD
Travagem,Leandro,4,STANDARD
Leandro,Sao Frutuoso,6,STANDARD
Sao Frutuoso,Sao Romao - A,2,STANDARD
Sao Romao - A,Sao Romao,4,STANDARD
Sao Romao,Portela,2,STANDARD
Portela,Trofa,2,STANDARD
Trofa,Esmeriz,2,STANDARD
Esmeriz,Barrimau,2,STANDARD
Barrimau,Famalicao,4,STANDARD
Famalicao,Mouquim,2,STANDARD
Mouquim,Louro,2,STANDARD
Louro,Carreira,2,STANDARD
Carreira,Barcelos,6,STANDARD
Barcelos,Silva,2,STANDARD
Silva,Carapecos,2,STANDARD
Carapecos,Durraes,2,STANDARD
Durraes,Barroselas,8,STANDARD
Barroselas,Senhora das Neves,2,STANDARD
Senhora das Neves,Alvaraes,2,STANDARD
Alvaraes,Darque,10,STANDARD
Darque,Areia - Darque,2,STANDARD
Areia - Darque,Areosa,2,STANDARD
Areosa,Carreco,2,STANDARD
Carreco,Afife,2,STANDARD
Afife,Ancora Praia,2,STANDARD
Ancora Praia,Moledo do Minho,2,STANDARD
Moledo do Minho,Senhora da Agonia,2,STANDARD
Senhora da Agonia,Caminha,4,STANDARD
Caminha,Seixas,2,STANDARD
Seixas,Esqueiro,2,STANDARD
Esqueiro,Gondarem,2,STANDARD
Gondarem,Vila Nova da Cerveira,4,STANDARD
Vila Nova da Cerveira,Carvalha,2,STANDARD
Carvalha,Sao Pedro da Torre,4,STANDARD
Alcantara-Terra,Alcantara-Mar,10,STANDARD
Ermesinde - A,Cabeda,2,STANDARD
Cabeda,Suzao,2,STANDARD
Suzao,Valongo,6,STANDARD
Valongo,Sao Martinho do Campo,2,STANDARD
Sao Martinho do Campo,Terronhas,2,STANDARD
Terronhas,Trancoso,2,STANDARD
Trancoso,Recarei - Sobreira,6,STANDARD
Recarei - Sobreira,Parada,2,STANDARD
Parada,Cete,6,STANDARD
Cete,Irivo,6,STANDARD
Irivo,Oleiros,2,STANDARD
Oleiros,Paredes,2,STANDARD
Paredes,Bustelo,2,STANDARD
Bustelo,Meinedo,2,STANDARD
Meinedo,Caide,4,STANDARD
Caide,Oliveira,2,STANDARD
Oliveira,Vila Mea,4,STANDARD
Vila Mea,Recezinhos,2,STANDARD
Recezinhos,Livracao,6,STANDARD
Livracao,Marco de Canaveses,6,STANDARD
Marco de Canaveses,Juncal,4,STANDARD
Juncal,Pala,2,STANDARD
Pala,Mosteiro,4,STANDARD
Mosteiro,Aregos,4,STANDARD
Aregos,Mirao,2,STANDARD
Mirao,Ermida,4,STANDARD
Ermida,Porto Rei,2,STANDARD
Porto Rei,Barqueiros,2,STANDARD
Barqueiros,Rede,4,STANDARD
Rede,Caldas de Moledo,2,STANDARD
Caldas de Moledo,Godim,4,STANDARD
Godim,Regua,4,STANDARD
Regua,Bagauste,2,STANDARD
Bagauste,Ferrao,2,STANDARD
Ferrao,Pinhao,6,STANDARD
Pinhao,Sao Mamede do Tua,2,STANDARD
Sao Mamede do Tua,Alegria,2,STANDARD
Alegria,Ferradosa,2,STANDARD
Ferradosa,Vargelas,4,STANDARD
Vargelas,Vesuvio,2,STANDARD
Vesuvio,Freixo de Numao,2,STANDARD
Freixo de Numao,Pocinho,4,STANDARD
Silvalde-Vouga,Monte de Paramos,2,STANDARD
Monte de Paramos,Lapa,2,STANDARD
Lapa,Sampaio-Oleiros,2,STANDARD
Sampaio-Oleiros,Pacos de Brandao,4,STANDARD
Pacos de Brandao,Rio Meao,2,STANDARD
Rio Meao,Sao Joao de Ver,2,STANDARD
Sao Joao de Ver,Cavaco,2,STANDARD
Cavaco,Sanfins,2,STANDARD
Sanfins,Vila da Feira,4,STANDARD
Vila da Feira,Escapaes,2,STANDARD
Escapaes,Arrifana,2,STANDARD
Arrifana,Faria,2,STANDARD
Faria,Couto de Cucujaes,2,STANDARD
Couto de Cucujaes,Santiago de Riba-Ul,2,STANDARD
Santiago de Riba-Ul,Oliveira de Azemeis,4,STANDARD
Oliveira de Azemeis,Ul,2,STANDARD
Ul,Travanca-Macinhata,2,STANDARD
Travanca-Macinhata,Figueiredo,2,STANDARD
Figueiredo,Pinheiro da Bemposta,4,STANDARD
Pinheiro da Bemposta,Branca,2,STANDARD
Branca,Albergaria-a-Nova,2,STANDARD
Albergaria-a-Nova,Urgueiras,2,STANDARD
Urgueiras,Albergaria-a-Velha,4,STANDARD
Albergaria-a-Velha,Sernada do Vouga,4,STANDARD
Bemposta,Ponte de Sor,4,STANDARD
Ponte de Sor,Fazenda,2,STANDARD
Fazenda,Torre das Vargens,4,STANDARD
Torre das Vargens,Chanca,2,STANDARD
Chanca,Mata,2,STANDARD
Mata,Portalegre,10,STANDARD
Portalegre,Assumar,2,STANDARD
Assumar,Arronches,2,STANDARD
Arronches,Santa Eulalia-A,2,STANDARD
Santo Tirso,Canicos,6,STANDARD
Canicos,Giesteira,2,STANDARD
Giesteira,Lordelo,6,STANDARD
Lordelo,Cuca,2,STANDARD
Cuca,Pereirinhas,2,STANDARD
Pereirinhas,Vizela,4,STANDARD
Vizela,Nespereira,2,STANDARD
Nespereira,Covas,2,STANDARD
Covas,Guimaraes,6,STANDARD
Morgado,Muge,6,STANDARD
Muge,Marinhais,6,STANDARD
Marinhais,Desvio Km 19.5,4,STANDARD
Desvio Km 19.5,Agolada,4,STANDARD
Agolada,Salgueirinha,4,STANDARD
Salgueirinha,Sao Torcato,4,STANDARD
Sao Torcato,Lavre,4,STANDARD
Lavre,Canha,6,STANDARD
Canha,Vidigal,4,STANDARD
Vidigal,Vendas Novas,4,STANDARD
Couto de Cambeses,Arentim,8,STANDARD
Arentim,Ruilhe,10,STANDARD
Ruilhe,Tadim,10,STANDARD
Tadim,Aveleda,2,STANDARD
Aveleda,Mazagao,2,STANDARD
Mazagao,Ferreiros,2,STANDARD
Ferreiros,Braga,8,STANDARD
Contumil,Sao Gemil,4,STANDARD
Sao Gemil,Sao Mamede de Infesta,4,STANDARD
Sao Mamede de Infesta,Leca do Balio,4,STANDARD
Leca do Balio,Leixoes,4,STANDARD
Albufeira - Ferreiras,Boliqueime,6,STANDARD
Boliqueime,Loule,4,STANDARD
Loule,Almancil,2,STANDARD
Almancil,Parque das Cidades,6,STANDARD
Parque das Cidades,Bom Joao,2,STANDARD
Bom Joao,Olhao,6,STANDARD
Olhao,Fuseta-A,2,STANDARD
Fuseta-A,Fuseta,4,STANDARD
Fuseta,Livramento,2,STANDARD
Livramento,Luz,2,STANDARD
Luz,Tavira,4,STANDARD
Tavira,Porta Nova,2,STANDARD
Porta Nova,Conceicao,2,STANDARD
Conceicao,Cacela,4,STANDARD
Cacela,Castro Marim,2,STANDARD
Castro Marim,Monte Gordo,2,STANDARD
Monte Gordo,Vila Real de Stº Antonio,4,STANDARD
Soudos - Vila Nova,Carrascal-Delongo,2,STANDARD
Carrascal-Delongo,Curvaceiras,2,STANDARD
Curvaceiras,Santa Cita,4,STANDARD
Santa Cita,Carvalhos de Figueiredo,2,STANDARD
Carvalhos de Figueiredo,Tomar,4,STANDARD
Pampilhosa,Quinta do Valongo - Vacarica,2,STANDARD
Quinta do Valongo - Vacarica,Pego,2,STANDARD
Pego,Bifurcacao do Luso,6,STANDARD
Bifurcacao do Luso,Luso Bucaco,2,STANDARD
Luso Bucaco,Soito,2,STANDARD
Soito,Monte dos Lobos,2,STANDARD
Monte dos Lobos,Mortagua,4,STANDARD
Mortagua,Castelejo,2,STANDARD
Castelejo,Papizios,2,STANDARD
Papizios,Carregal do Sal,4,STANDARD
Carregal do Sal,Oliveirinha Cabanas,4,STANDARD
Oliveirinha Cabanas,Lapa do Lobo,2,STANDARD
Lapa do Lobo,Canas Felgueira,4,STANDARD
Canas Felgueira,Moimenta Alcafache,2,STANDARD
Moimenta Alcafache,Contencas,4,STANDARD
Contencas,Gouveia,6,STANDARD
Gouveia,Fornos de Algodres,4,STANDARD
Fornos de Algodres,Muxagata,4,STANDARD
Muxagata,Celorico da Beira,4,STANDARD
Celorico da Beira,Baracal,2,STANDARD
Baracal,Vila Franca das Naves,4,STANDARD
Vila Franca das Naves,Pinhel,4,STANDARD
Pinhel,Gata,2,STANDARD
Gata,Vila Fernando,2,STANDARD
Vila Fernando,Rochoso,2,STANDARD
Rochoso,Cerdeira,6,STANDARD
Cerdeira,Miuzela,2,STANDARD
Miuzela,Noemi,4,STANDARD
Noemi,Castelo Mendo,2,STANDARD
Castelo Mendo,Freineda,2,STANDARD
Freineda,Aldeia,2,STANDARD
Alcantara-Terra,Sete Rios,8,STANDARD
Sete Rios,Entrecampos - Poente,8,STANDARD
Entrecampos - Poente,Entrecampos,10,STANDARD
Entrecampos,Roma - Areeiro,10,STANDARD
Roma - Areeiro,Chelas,2,STANDARD
Chelas,Marvila,2,STANDARD
Marvila,Braco de Prata,10,STANDARD
Figueira da Foz,Pampilhosa,6,STANDARD
Sernada do Vouga,Macinhata,4,STANDARD
Macinhata,Carvalhal da Portela,2,STANDARD
Carvalhal da Portela,Valongo-Vouga,2,STANDARD
Valongo-Vouga,Aguieira,2,STANDARD
Aguieira,Mourisca do Vouga,2,STANDARD
Mourisca do Vouga,Agueda,4,STANDARD
Agueda,Oronhe,2,STANDARD
Oronhe,Casal do Alvaro,2,STANDARD
Casal do Alvaro,Cabanoes,2,STANDARD
Cabanoes,Travasso,2,STANDARD
Travasso,Taipa - Requeixo,2,STANDARD
Taipa - Requeixo,Eirol,8,STANDARD
Eirol,Sao Joao de Loure,2,STANDARD
Sao Joao de Loure,Eixo,8,STANDARD
Eixo,Azurva,2,STANDARD
Azurva,Esgueira,2,STANDARD
Esgueira,Aveiro - Vouga,10,STANDARD
Reveles,Verride,4,STANDARD
Verride,Marujal,2,STANDARD
Marujal,Montemor,2,STANDARD
Lisboa Rossio,Benfica,10,STANDARD
Benfica,Santa Cruz/Damaia,2,STANDARD
Santa Cruz/Damaia,Reboleira,2,STANDARD
Reboleira,Queluz-Belas,2,STANDARD
Queluz-Belas,Monte Abraao,4,STANDARD
Monte Abraao,Massama-Barcarena,2,STANDARD
Massama-Barcarena,Agualva-Cacem,4,STANDARD
Agualva-Cacem,Rio de Mouro,2,STANDARD
Rio de Mouro,Merces,4,STANDARD
Merces,Algueirao-Mem Martins,2,STANDARD
Algueirao-Mem Martins,Portela de Sintra,2,STANDARD
Portela de Sintra,Sintra,4,STANDARD
Entroncamento,Barquinha,4,STANDARD
Barquinha,Tancos,2,STANDARD
Tancos,Almourol,4,STANDARD
Almourol,Praia do Ribatejo,4,STANDARD
Praia do Ribatejo,Tramagal,6,STANDARD
Amoreiras-Odemira,Luzianes,6,STANDARD
Luzianes,Santa Clara-Saboia,4,STANDARD
Santa Clara-Saboia,Pereiras,2,STANDARD
Pereiras,Sao Marcos,4,STANDARD
Sao Marcos,Messines-Alte,4,STANDARD
Venda do Alcaide,Palmela,6,STANDARD
Palmela,Palmela - A,2,STANDARD
Palmela - A,Praca do Quebedo,2,STANDARD
Praca do Quebedo,Setubal-Mar,8,STANDARD
Setubal-Mar,Cachofarra,2,STANDARD
Cachofarra,Praias-Sado-A,2,STANDARD
Praias-Sado-A,Vale da Rosa,10,STANDARD
Vale da Rosa,Mourisca-Sado,2,STANDARD
Mourisca-Sado,Aguas de Moura,8,STANDARD
Pinheiro,Monte Novo-Palma,4,STANDARD
Monte Novo-Palma,Vale de Guizo,4,STANDARD
Vale de Guizo,Grandola Norte,4,STANDARD
Grandola Norte,Grandola,4,STANDARD
Grandola,Canal-Caveira,4,STANDARD
Canal-Caveira,Azinheira dos Barros,4,STANDARD
Azinheira dos Barros,Azinheira dos Barros – A,2,STANDARD
Azinheira dos Barros – A,Lousal,4,STANDARD
Lousal,Alvalade,2,STANDARD
Alvalade,Bifurcacao de Torre Va,4,STANDARD
Barreiro,Barreiro-A,2,STANDARD
Barreiro-A,Lavradio,4,STANDARD
Lavradio,Baixa da Banheira,2,STANDARD
Baixa da Banheira,Alhos Vedros,2,STANDARD
Alhos Vedros,Moita,6,STANDARD
Moita,Penteado,2,STANDARD
Penteado,Fernando Po,2,STANDARD
Fernando Po,Pegoes,6,STANDARD
Pegoes,Sao Joao das Craveiras,2,STANDARD
Sao Joao das Craveiras,Bombel,4,STANDARD
Bombel,Vendas Novas,4,STANDARD
Vendas Novas,Torre da Gadanha,4,STANDARD
Torre da Gadanha,Casa Branca,4,STANDARD
Casa Branca,Alcacovas,2,STANDARD
Alcacovas,Viana,2,STANDARD
Viana,Vila Nova da Baronia,4,STANDARD
Vila Nova da Baronia,Alvito,2,STANDARD
Alvito,Cuba,6,STANDARD
Cuba,Beja,8,STANDARD
Beja,Ourique,4,STANDARD
Ourique,Panoias,2,STANDARD
Algoz,Alcantarilha,4,STANDARD
Alcantarilha,Poco Barreto,2,STANDARD
Poco Barreto,Estombar-Lagoa,4,STANDARD
Estombar-Lagoa,Ferragudo,2,STANDARD
Ferragudo,Portimao,6,STANDARD
Portimao,Mexilhoeira Grande,4,STANDARD
Mexilhoeira Grande,Meia Praia,2,STANDARD
Meia Praia,Lagos,4,STANDARD
Desvio de Picotas,Minas de Neves Corvo,4,STANDARD
Mira Sintra - Melecas,Sabugo,4,STANDARD
Sabugo,Pedra Furada,2,STANDARD
Pedra Furada,Mafra,4,STANDARD
Mafra,Alcainca-Moinhos,2,STANDARD
Alcainca-Moinhos,Malveira,4,STANDARD
Malveira,Jerumelo,2,STANDARD
Jerumelo,Sapataria,2,STANDARD
Sapataria,Pero Negro,6,STANDARD
Pero Negro,Zibreira,2,STANDARD
Zibreira,Feliteira,2,STANDARD
Feliteira,Dois Portos,4,STANDARD
Dois Portos,Runa,2,STANDARD
Runa,Torres Vedras,4,STANDARD
Torres Vedras,Ramalhal,6,STANDARD
Ramalhal,Outeiro,4,STANDARD
Outeiro,Camarao,2,STANDARD
Camarao,Bombarral,4,STANDARD
Bombarral,Paul,2,STANDARD
Paul,Sao Mamede,2,STANDARD
Sao Mamede,Dagorda - Peniche,2,STANDARD
Dagorda - Peniche,Obidos,2,STANDARD
Obidos,Caldas da Rainha,4,STANDARD
Caldas da Rainha,Campo-Serra,2,STANDARD
Campo-Serra,Bouro,2,STANDARD
Bouro,Salir do Porto,2,STANDARD
Salir do Porto,Sao Martinho do Porto,4,STANDARD
Sao Martinho do Porto,Famalicao da Nazare,2,STANDARD
Famalicao da Nazare,Cela,2,STANDARD
Cela,Valado,4,STANDARD
Valado,Fanhais,2,STANDARD
Fanhais,Pataias,4,STANDARD
Pataias,Martinganca,4,STANDARD
Martinganca,Marinha Grande,4,STANDARD
Marinha Grande,Leiria,8,STANDARD
Leiria,Regueira de Pontes,2,STANDARD
Regueira de Pontes,Monte Real,8,STANDARD
Monte Real,Monte Redondo,2,STANDARD
Monte Redondo,Guia,2,STANDARD
Guia,Carrico,2,STANDARD
Carrico,Lourical,6,STANDARD
Lourical,Ribeira de Seica,2,STANDARD
Ribeira de Seica,Telhada,2,STANDARD
Telhada,Bicanho,2,STANDARD
Bicanho,Amieira,6,STANDARD
Amieira,Bifurcacao de Lares,4,STANDARD
Bifurcacao de Lares,Lares,2,STANDARD
Lares,Fontela,4,STANDARD
Fontela,Fontela-A,2,STANDARD
Fontela-A,Figueira da Foz,4,STANDARD
Alvito-A,Pragal,4,STANDARD
Pragal,Corroios,6,STANDARD
Corroios,Foros de Amora,2,STANDARD
Foros de Amora,Fogueteiro,4,STANDARD
Fogueteiro,Coina,4,STANDARD
Coina,Penalva,4,STANDARD
Sete Rios,Benfica,10,STANDARD
Ermesinde - B,Sao Gemil,4,STANDARD
Sao Bartolomeu da Serra,Raquete,6,STANDARD
Raquete,Porto de Sines,6,STANDARD
Cais do Sodre,Alcantara-Mar,10,STANDARD
Alcantara-Mar,Belem,2,STANDARD
Belem,Alges,4,STANDARD
Alges,Cruz Quebrada,2,STANDARD
Cruz Quebrada,Caxias,4,STANDARD
Caxias,Paco de Arcos,2,STANDARD
Paco de Arcos,Santo Amaro,2,STANDARD
Santo Amaro,Oeiras,4,STANDARD
Oeiras,Carcavelos,4,STANDARD
Carcavelos,Parede,2,STANDARD
Parede,Sao Pedro do Estoril,4,STANDARD
Sao Pedro do Estoril,Sao Joao do Estoril,2,STANDARD
Sao Joao do Estoril,Estoril,4,STANDARD
Estoril,Monte Estoril,2,STANDARD
Monte Estoril,Cascais,4,STANDARD
Viana do Castelo,Nine,4,STANDARD
Nine,Trofa,4,STANDARD
Porto Campanha,Espinho,6,STANDARD
Coimbra B,Figueira da Foz,4,STANDARD
Figueira da Foz,Leiria,4,STANDARD
Leiria,Obidos,4,STANDARD
Obidos,Entrecampos,4,STANDARD
Pombal,Chao de Macas-Fatima,4,STANDARD
Chao de Macas-Fatima,Entroncamento,2,STANDARD
Entroncamento,Lisboa Oriente,8,STANDARD
Albufeira - Ferreiras,Faro,8,STANDARD
Braga,Famalicao,4,ALFA PENDULAR
Famalicao,Trofa,4,ALFA PENDULAR
Trofa,Porto Campanha,10,ALFA PENDULAR
Porto Campanha,Vila Nova de Gaia-Devesas,8,ALFA PENDULAR
Vila Nova de Gaia-Devesas,Espinho,6,ALFA PENDULAR
Espinho,Aveiro - Vouga,10,ALFA PENDULAR
Aveiro - Vouga,Coimbra B,8,ALFA PENDULAR
Coimbra B,Pombal,6,ALFA PENDULAR
Pombal,Entroncamento,4,ALFA PENDULAR
Entroncamento,Santarem,8,ALFA PENDULAR
Santarem,Lisboa Oriente,10,ALFA PENDULAR
Lisboa Oriente,Lisboa Santa Apolonia,8,ALFA PENDULAR
Entrecampos,Pinhal Novo,10,ALFA PENDULAR
Pinhal Novo,Grandola,4,ALFA PENDULAR
Grandola,Ermidas-Sado,4,ALFA PENDULAR
Ermidas-Sado,Funcheira,4,ALFA PENDULAR
Funcheira,Santa Clara-Saboia,4,ALFA PENDULAR
Santa Clara-Saboia,Tunes,4,ALFA PENDULAR
Tunes,Albufeira - Ferreiras,6,ALFA PENDULAR
Albufeira - Ferreiras,Loule,4,ALFA PENDULAR
Loule,Faro,10,ALFA PENDULAR
